,BTC,IBIT,FBTC,GBTC
2024-01-12,-0.07581464687080208,-0.06233570783801412,-0.061888515848583014,-0.051855473442465105
2024-01-16,0.007042124492874446,-0.010012014692619364,-0.006518905083365278,-0.006739297547812995
2024-01-17,-0.009553782672285682,-0.012540431818495734,-0.018372624049254216,-0.009916471584833664
2024-01-18,-0.034639725632667706,-0.04383448183174232,-0.043850351268325594,-0.043489662260553286
2024-01-19,0.00863620644230223,0.019708615315568112,0.020413965078237117,0.01984015698975128
2024-01-22,-0.050723688211871454,-0.03571422274659175,-0.035900282626297186,-0.03215348563049014
2024-01-23,0.008560013431039293,-0.027451026020556157,-0.02387720708644525,-0.02624233072239257
2024-01-24,0.005810521700930993,0.012544833802593525,0.0075712964582967945,0.011181222563225068
2024-01-25,-0.0035747525934159974,0.007079639146523986,0.006069448220553886,0.00481996230906101
2024-01-26,0.04715459322091098,0.05404215860575823,0.05573107009979905,0.058408581004926186
2024-01-29,0.03518615720198914,0.028345156801312,0.02911563795440042,0.02665958164205584
2024-01-30,-0.007753530092744043,0.008512326056879571,0.008196757688854195,0.009348211958452035
2024-01-31,-0.00861423582021903,-0.023311894825971735,-0.02334118449298095,-0.022639557588394865
2024-02-01,0.011581441842771323,0.009876612592677025,0.011278145811367324,0.011055492887482421
2024-02-02,0.0025556346111748063,-0.001630029096781116,-0.0021242171184692182,-0.0018223975918317814
2024-02-05,-0.012207500646732261,-0.012653039426219759,-0.013571104613651741,-0.013041221772913558
2024-02-06,0.009986338686479135,0.016949145860284842,0.017804150333032176,0.016648976517652514
2024-02-07,0.028630850081180936,0.025203208222378315,0.0246488289546547,0.024954560513058333
2024-02-08,0.022188248784866804,0.032117422495808956,0.031557196728359216,0.031701725518386015
2024-02-09,0.040741037427910465,0.04302723405072251,0.04413235392163406,0.04424785007856635
2024-02-12,0.059622278397866824,0.055616952121473995,0.057156606700308865,0.056026287562714217
2024-02-13,-0.004319233922406296,-0.01535242625262423,-0.016583360623468102,-0.016718649261463714
2024-02-14,0.041900916949929146,0.047129693694806685,0.04689301770304999,0.04715483782829799
2024-02-15,0.0021583350882306007,-0.0010151871428561998,0.0,-0.00021649179255656126
2024-02-16,0.004267512618200353,0.003387546745224679,0.0024271979499621565,0.0021654781577131743
2024-02-20,0.0023901723446364542,0.00168802281039504,0.001981073123119348,0.0028089200731575836
2024-02-21,-0.008524364120598982,-0.019885411225842753,-0.01977156232047894,-0.020038751042296354
2024-02-22,-0.010305082651198116,0.02200823216394543,0.021066841414344895,0.021108221067793753
2024-02-23,-0.011168964874795462,-0.018842512748334816,-0.017778782898937084,-0.01830319385890722
2024-02-26,0.07471530629852263,0.06721539787645892,0.0663687423620809,0.0666812338226761
2024-02-27,0.04700762695380023,0.047236480517739654,0.046311798573757335,0.04565084776523509
2024-02-28,0.09493531994124749,0.05707274015473929,0.05828159081966722,0.058603717420995016
2024-02-29,-0.020900898468654838,0.02815667299053759,0.028198366278653797,0.02823705966500234
2024-03-01,0.020298739001094468,0.016092702964090932,0.015829132462180873,0.016802139282226625
2024-03-04,0.09432609800233993,0.07390941159648845,0.07392647096534244,0.07285005982774329
2024-03-05,-0.06628402455760396,-0.08615787062323954,-0.08587818649023071,-0.08529315969910622
2024-03-06,0.03613733749494208,0.08408837050863127,0.08213364226419806,0.08274493123710358
2024-03-07,0.012384196927533564,0.008879606802255635,0.01057477265204998,0.010869511487406225
2024-03-08,0.020539401213709896,0.023815639231360652,0.024978895227617315,0.023986809835815137
2024-03-11,0.05598546488085887,0.039696579648806685,0.038860540558875556,0.039095315288739885
2024-03-12,-0.008909905479502545,-0.00948442120084858,-0.00935172216137159,-0.010105737194107789
2024-03-13,0.022414410239567806,0.029953381645339894,0.030400024414062532,0.029998426786963073
2024-03-14,-0.0230819028918976,-0.05816453866579807,-0.05854037839189663,-0.057639534201608056
2024-03-15,-0.027911980219644583,-0.003037178865668677,-0.002474047884485242,-0.0032362353401327315
2024-03-18,-0.026730242400589965,-0.03173394311675204,-0.03224207635083831,-0.032792230138732226
2024-03-19,-0.08343356981432348,-0.03775560172399517,-0.037245862816366326,-0.0364215804959257
2024-03-20,0.09692504638897836,0.02316072088421972,0.022005354251008136,0.023340899829496387
2024-03-21,-0.03566706353999505,-0.010652402644707792,-0.009376643759273828,-0.010893638309587006
2024-03-22,-0.02615044343853401,-0.019919290661436606,-0.019982461084905312,-0.019445912384061792
2024-03-25,0.09689825601354007,0.1137050098049559,0.11250225241806167,0.11161813219450734
2024-03-26,0.00041486463910467286,-0.022687994728850303,-0.022508062840942422,-0.022260804820071978
2024-03-27,-0.007608353371227561,-0.01261670417673244,-0.012499972550492178,-0.011948955710802456
2024-03-28,0.018567460837021654,0.03424482790724426,0.0336442442864997,0.0323581970809681
2024-04-01,-0.01474034035555094,-0.017790985890427824,-0.016596883196935086,-0.01567201489990555
2024-04-02,-0.061047985989492126,-0.054088088701356174,-0.05521872848255682,-0.055966542482051906
2024-04-03,0.008156830210526378,-0.0015956798145895235,-0.0012140078912498131,-0.0010221215799519623
2024-04-04,0.038314642609167615,0.04102293228475573,0.040632056717970766,0.040927703445073904
2024-04-05,-0.009797320875087778,-0.017144369300161166,-0.016519300407567217,-0.01720182986414387
2024-04-08,0.05592350669993551,0.06612863643889022,0.0659993772477443,0.06617769884074876
2024-04-09,-0.03479403115822832,-0.03956041273998945,-0.040108234670114595,-0.03924330873866
2024-04-10,0.0209558550176423,0.017035294628852116,0.016912625344680965,0.016598868243365095
2024-04-11,-0.007469744331340511,0.004249954223632724,0.005869831809983905,0.005122468973532968
2024-04-12,-0.04088948430588779,-0.05053519720760724,-0.05154806898956532,-0.05160059143044593
2024-04-15,-0.05609952528004947,-0.0540114732973187,-0.05383691337455332,-0.053232555540490445
2024-04-16,0.006080330797783695,-0.009146391749089378,-0.008489906349734455,-0.0088684012040946
2024-04-17,-0.03972884891052719,-0.02769235464242792,-0.02896702806099405,-0.028095914161781144
2024-04-18,0.03649124077498622,0.04171463846248824,0.04296437051231816,0.04179708111129199
2024-04-19,0.005208661031110617,0.012703648055873984,0.013131849977200405,0.012902069198791333
2024-04-22,0.046897586716164286,0.034360572651937815,0.03391334974718818,0.034025529831654744
2024-04-23,-0.006439574982440521,-0.0007908984723309365,-0.000686946863159954,-0.000843790090451102
2024-04-24,-0.03208044676017341,-0.03931402687277974,-0.03935379197240574,-0.03901365568168935
2024-04-25,0.0031863484195515657,0.012359262972406748,0.01270123551148683,0.012302281188361519
2024-04-26,-0.011265004482557628,-0.014650051725058622,-0.01519167286838552,-0.014930557617503726
2024-04-29,0.0013457822943943043,-0.012389888951556904,-0.012017904375700716,-0.011984495800946071
2024-04-30,-0.050191249309274655,-0.06412041554358905,-0.061728420712614196,-0.06332496995178727
2024-05-01,-0.03929695449375714,-0.03515044134354617,-0.037925678655159833,-0.03561227831341274
2024-05-02,0.014924669552331737,0.04353195041623659,0.044448894412987716,0.04383887550247678
2024-05-03,0.06370405294167747,0.04733734689153524,0.04717890908033118,0.04653800574776823
2024-05-06,0.00432682447320154,0.01723154715709163,0.016734090282055414,0.016630488814738387
2024-05-07,-0.01309542885757653,-0.002221550127359584,-0.0023512582015300376,-0.002311540726554373
2024-05-08,-0.018398626419713127,-0.015307521079573116,-0.01450324944295811,-0.014435878454798323
2024-05-09,0.03043115176709965,0.005652932642777442,0.0055187497000031005,0.004882416367324005
2024-05-10,-0.035799920573900024,-0.02810567590042079,-0.029454822810940584,-0.02843259788117858
2024-05-13,0.034686223711685615,0.04106414383327417,0.04165879578239018,0.040748309131285465
2024-05-14,-0.02144084393922019,-0.025833341810438393,-0.025334740385543952,-0.025093421318931775
2024-05-15,0.07659609250545496,0.07413739654251583,0.0740809101105484,0.07374951444320899
2024-05-16,-0.01563225228621834,-0.013803999690530477,-0.014347416391527035,-0.013600843023247489
2024-05-17,0.02790508695432159,0.03041715227469921,0.03104174751935962,0.029472604876854325
2024-05-20,0.06556595639570117,0.0441484455407104,0.04473545181938143,0.04470119606976852
2024-05-21,-0.018358253231772315,-0.012509381654484786,-0.013350695527028167,-0.012820537981431679
2024-05-22,-0.01446030042296964,0.006080513208690963,0.0080858364819274,0.005681816623793523
2024-05-23,-0.017255976976508713,-0.03626287232205072,-0.03879520258577651,-0.03631961242574877
2024-05-24,0.008781729788116976,0.031094816108568235,0.03150542295065262,0.030653296367306293
2024-05-28,-0.003354675185926581,-0.012164205610060597,-0.01221723406798636,-0.012189221353047786
2024-05-29,-0.01051485738366742,-0.016931756161181477,-0.017382598758128975,-0.017604462707882407
2024-05-30,0.011644282841286824,0.021920672214967407,0.023133195937616646,0.0222743482115888
2024-05-31,-0.012778150001159894,-0.015577135156497612,-0.017290122845298628,-0.015563599885849655
2024-06-03,0.01945976693100193,0.02308688475388676,0.024361336691592017,0.023631276055174677
2024-06-04,0.025622992224831664,0.01850911682694556,0.0184970924194372,0.018045817072778858
2024-06-05,0.007298724608017615,0.012447100393112365,0.011512938547928453,0.011657602534747014
2024-06-06,-0.004581363662391591,-0.01253991503551688,-0.011702461201294478,-0.0113654195013001
2024-06-07,-0.01999201273457618,-0.01842633668521998,-0.01881589324738575,-0.0183617638178466
2024-06-10,0.0024472019640708886,0.004312582230825868,0.0049594846873237675,0.004066332298908737
2024-06-11,-0.03136496113771259,-0.02930032439861674,-0.03026813826084196,-0.029969241390472745
2024-06-12,0.013502581655740586,0.0005204386574251263,0.0008481634675734373,0.0011690466737142025
2024-06-13,-0.021757960505889518,-0.01430427116117694,-0.014745744608216316,-0.013511281331386682
2024-06-14,-0.011164543099157487,-0.015831194318255193,-0.015138500807596267,-0.016232700264639854
2024-06-17,0.007259433191864062,0.01823057155722796,0.018515307830410777,0.01770368198261485
2024-06-18,-0.02029695827328193,-0.03528173166768256,-0.03481396923657054,-0.03428469746321128
2024-06-20,-0.004791008124175322,0.010917072394709626,0.01083867490373791,0.009618734239475346
2024-06-21,-0.011298352821403679,-0.01241898145525755,-0.013183336404402723,-0.01195219181791729
2024-06-24,-0.05957896416318076,-0.07695468290043783,-0.07712857255847816,-0.07766482407201625
2024-06-25,0.025336630415439876,0.04546127277238177,0.045550988865074915,0.04580878755071294
2024-06-26,-0.016072632592061153,-0.016713885703670606,-0.015691314433316395,-0.016175924975059597
2024-06-27,0.013048951973404943,0.007778751509228687,0.0073143171770553295,0.0072048572442968695
2024-06-28,-0.020853310881755127,-0.024013726803330582,-0.023273133891401843,-0.023477592260839564
2024-07-01,0.04197344183427543,0.05448156542485272,0.053755237210038276,0.05353114088870625
2024-07-02,-0.013093697885290578,-0.02166663275824654,-0.02116494563642235,-0.02139419305314172
2024-07-03,-0.02990687070088416,-0.022146580549680328,-0.02291631240953229,-0.022408445309140768
2024-07-05,-0.05835662302840383,-0.06504059097239234,-0.0650652297372073,-0.06541183055195254
2024-07-08,0.0007539863313177353,-0.0012422644279369566,-0.0006068941758378132,-0.0011963815520793508
2024-07-09,0.02299844211812685,0.02487559828533148,0.02429143544891499,0.02515469664215675
2024-07-10,-0.004598069730556098,-0.008798571710639469,-0.00889322058917319,-0.008373946759932194
2024-07-11,-0.006885432015347748,0.0009183530968992493,0.0007975493442295978,-0.0003927634006875014
2024-07-12,0.009670444019596935,0.004587085861833984,0.004781862622707411,0.00471517862076265
2024-07-15,0.12039295214232815,0.10045671857055094,0.10113024872612719,0.10070388319050116
2024-07-16,0.003499237870556282,0.028215673582647538,0.027732774164970886,0.02771362534628241
2024-07-17,-0.01502916014346345,-0.008878074592780782,-0.009286819382004374,-0.008988763880905859
2024-07-18,-0.0022571629283560934,-0.016829504053115785,-0.016625440859306728,-0.01622184615214628
2024-07-19,0.042768734230136385,0.06018774797637794,0.0589928540289586,0.05815603144870041
2024-07-22,0.013117848903254625,0.013802050995745274,0.014436115127405946,0.014745302145703354
2024-07-23,-0.02452573786440093,-0.04084254148789457,-0.04051562343030124,-0.040620856709851605
2024-07-24,-0.008426492953570563,0.002142421425562757,0.0017448695118631452,0.00223753955397199
2024-07-25,0.00619673448871394,-0.015766872441491997,-0.015154135763753795,-0.014940749648946317
2024-07-26,0.032455548053117234,0.05321745824134072,0.05270603986527256,0.051778228662213044
2024-07-29,-0.016081803398328542,-0.01160094746889584,-0.011256753670860986,-0.010774092704206706
2024-07-30,-0.009262185475442442,-0.02060513595157143,-0.020730627657405076,-0.024326433502641964
2024-07-31,-0.023893373992326827,-0.009853500383552372,-0.009890676457744885,-0.010076022712389054
2024-08-01,0.011424614182306447,-0.029854776795067428,-0.02996850434655529,-0.029575589102229682
2024-08-02,-0.06032105869640059,-0.012752955041989145,-0.012104754966860032,-0.013061544891279975
2024-08-05,-0.1208760294403024,-0.14406068464441368,-0.1441112111217261,-0.14537798586886785
2024-08-06,0.03783671505322772,0.06102364298838481,0.06153848536464479,0.063350559141369
2024-08-07,-0.017968550940289485,-0.03555966645344155,-0.03623186847833049,-0.03640780090445028
2024-08-08,0.12144256099404904,0.0862456071817086,0.08625725065341028,0.08610035021490536
2024-08-09,-0.013450358103773374,0.021251398562778023,0.020957511781664717,0.020662018467863863
2024-08-12,-0.025059047594115702,-0.02774563950315445,-0.027118618984721565,-0.02706055313819722
2024-08-13,0.021144992390795814,0.029726516591665364,0.030584627094880634,0.029724024866967458
2024-08-14,-0.0308911115194338,-0.031177772384146207,-0.03230655834856577,-0.03113398601099393
2024-08-15,-0.020041310813293967,-0.03158526012858354,-0.031832286006925004,-0.0317089088155873
2024-08-16,0.023175912946963972,0.04707688551682687,0.047313563749302734,0.04681321028824681
2024-08-19,0.010176700222877422,-0.012048188719346764,-0.012251209490475756,-0.012807066904726883
2024-08-20,-0.008079210921579816,0.008923237554776753,0.009302390913331626,0.009995772354900456
2024-08-21,0.03664287570061453,0.03567225720777634,0.034562196117036814,0.0343229563236056
2024-08-22,-0.012967304646127387,-0.022203318254438886,-0.0211581174285288,-0.021579755326616712
2024-08-23,0.061482671821355916,0.056186328701872235,0.05669316967409799,0.05680398385825902
2024-08-26,-0.018936071727747583,-0.005237007527613469,-0.005741964784724218,-0.0057098033136416815
2024-08-27,-0.05369739018896724,-0.019673014172091774,-0.019491030848791113,-0.01960399363300591
2024-08-28,-0.00800797843742207,-0.052572090282603456,-0.052641275795371034,-0.051908700907922656
2024-08-29,0.006108236397788236,0.005071544350350399,0.006217207834366745,0.005752033780632493
2024-08-30,-0.004524521990973862,-0.009498358796919848,-0.010812924568285087,-0.009743679165288288
2024-09-03,-0.02856001478996517,-0.011687126225101485,-0.010345476947738796,-0.011764689562792419
2024-09-04,0.00941156177702851,0.0018193260801648847,0.0011833837808856718,0.0010822345505383524
2024-09-05,-0.031240343288065575,-0.03601696431849577,-0.03486991137892814,-0.03437838167757601
2024-09-06,-0.03938239218868078,-0.04521194715261001,-0.04592773878162515,-0.04612631841310644
2024-09-09,0.05692033694302334,0.069056181672418,0.06910567878144502,0.06830985801982825
2024-09-10,0.011034389872275785,0.0150723378580504,0.014608755741512436,0.014941778296090114
2024-09-11,-0.005300015516934153,-0.006060629179983401,-0.006508911757175162,-0.006278352661876707
2024-09-12,0.013669279499548104,0.013719535774592284,0.014492744842490524,0.013725429901408015
2024-09-13,0.04205082955798245,0.023759426030897535,0.023679118107659214,0.023855590790289316
2024-09-16,-0.039272608282607036,-0.031139874993584282,-0.03135161845327483,-0.03148614649911041
2024-09-17,0.0363626062794542,0.03395994382748313,0.034537202747967344,0.03532728846288036
2024-09-18,0.02223798894564699,0.0014663652198037003,0.0011446275350417423,0.0004186823858491895
2024-09-19,0.020937291974474137,0.05446549670707301,0.05430644652587424,0.05419544053087422
2024-09-20,0.004012038411551844,-0.005831688260509615,-0.006958288875645424,-0.006947246554146469
2024-09-23,0.0021651807873723783,0.006703957641941649,0.007917032954902314,0.007595464269179342
2024-09-24,0.01535087678718594,0.01664812594004661,0.01589016317164038,0.016266607762473795
2024-09-25,-0.018021597802944433,-0.01828597653128239,-0.01795233472565949,-0.018153431846296364
2024-09-26,0.032273891570151925,0.024186791836526833,0.02461539566247173,0.024652121218188272
2024-09-27,0.00935309904070647,0.01492940376716878,0.014485067761583315,0.014939861158048462
2024-09-30,-0.03740901688060083,-0.03369880561918481,-0.033083780529036044,-0.03460143998801701
2024-10-01,-0.039357521968434894,-0.027677829239880714,-0.02791282678072793,-0.02732675382406402
2024-10-02,-0.0033568819965540397,-0.02533445381691779,-0.025194528008238293,-0.024429983490095508
2024-10-03,0.0020882627636797935,0.014018677532314339,0.013873043653636286,0.013773031872465591
2024-10-04,0.021528753876634443,0.023041451870212448,0.02268046736227869,0.022643030725822744
2024-10-07,0.002725801065549094,0.015202728281759281,0.015762404215687864,0.015297872722718653
2024-10-08,-0.001682150134457161,-0.01830282369043279,-0.018404848010947106,-0.01823945666124893
2024-10-09,-0.024944762232405493,-0.020339016657295206,-0.020588285205272117,-0.02019386087956354
2024-10-10,-0.005077433013489285,-0.021049582924235977,-0.02120865764465918,-0.021228334080365063
2024-10-11,0.036011743668549645,0.05861554695285465,0.05906036291924188,0.05853861194023491
2024-10-14,0.057667226762912804,0.04535339817469808,0.04435996348444382,0.04396258333694414
2024-10-15,0.015064992457922477,0.01597014849600198,0.01629678609111651,0.015624994321203678
2024-10-16,0.008526251733136592,0.010741516420688546,0.01057664206549136,0.010881835635213388
2024-10-17,-0.0031485616380424464,-0.013737754505950273,-0.014010834023260754,-0.01336305134428073
2024-10-18,0.015118035686984221,0.02680684568240932,0.027734958673459653,0.027088010361969284
2024-10-21,-0.015360363935116972,-0.012797542971730191,-0.013243348077819572,-0.013003646599169305
2024-10-22,-9.567341618454961e-05,-0.004148297865648631,-0.0043049053007129245,-0.004639079659147671
2024-10-23,-0.01379441121005398,-0.015620892384916707,-0.015428956501779001,-0.01510062579810667
2024-10-24,0.02602442034118191,0.02803484581046667,0.028414009549684316,0.028203630742516417
2024-10-25,-0.022280180844656217,-0.022125048468836228,-0.022270626320644027,-0.02264358521993004
2024-10-28,0.04899798117963772,0.04367271561997654,0.043500615551943955,0.043134317365710384
2024-10-29,0.04023493905417541,0.04184531733628538,0.0413589437902826,0.04135061496321524
2024-10-30,-0.005238593875544262,-0.010887992814007763,-0.010401888723027497,-0.010230559331079192
2024-10-31,-0.029366396164960396,-0.026908078769017352,-0.027392915999747802,-0.025753349221221744
2024-11-01,-0.010435331387529279,-0.010306683257755411,-0.00982476628654616,-0.010789467402139707
2024-11-04,-0.024048669650932664,-0.028448030537732816,-0.028113125990105403,-0.02763127957543343
2024-11-05,0.02282879023690776,0.03294113258910336,0.03215925429516919,0.03140767316810211
2024-11-06,0.09053568676993895,0.09845617235133175,0.09957133392719175,0.09842306480684782
2024-11-07,0.003513808689745934,0.004608224451857046,0.004197997323878155,0.004620504967730588
2024-11-08,0.008439738809541852,0.002064223755450678,0.002985920248113727,0.002792348323961358
2024-11-11,0.15880765733523816,0.13458460180679932,0.1334473994814782,0.1338247679892346
2024-11-12,-0.008406532091926988,0.029856759155696855,0.029351903721635653,0.029037880681650252
2024-11-13,0.029882636380625716,-0.00019585350994377748,0.001275913587905464,0.001123040823953092
2024-11-14,-0.03680261786927608,-0.0256661706464133,-0.02650358998577851,-0.0253821009754841
2024-11-15,0.04373133907381366,0.04826063840681427,0.0479057062777033,0.04762586415242809
2024-11-18,-0.0057471190411420014,0.0,0.0007495027456672076,-0.0005493876784593565
2024-11-19,0.019892819836786257,0.010934196875987734,0.010359388082966214,0.011131032367107663
2024-11-20,0.02161166598491282,0.01935484711569435,0.01964180391880399,0.019162761587751875
2024-11-21,0.044151545428309014,0.040580794036460865,0.04046518416335898,0.040805511070252765
2024-11-22,0.005004201495724558,0.010554564158907098,0.009897602826038687,0.010506081521616917
2024-11-25,-0.05955056862531716,-0.04372457332825064,-0.04335295734690958,-0.04374292452761741
2024-11-26,-0.011997304040733403,-0.04294705063244386,-0.042425023751628044,-0.04309201907854476
2024-11-27,0.04323745271515378,0.06441001870824903,0.06368792174132665,0.06443122687898017
2024-11-29,0.015620598664648044,0.003270948740117019,0.0047331856084218416,0.0035146660262821428
2024-12-02,-0.016377937607589543,-0.013222234275342193,-0.014250461213996424,-0.013750131131771148
2024-12-03,0.0014276215513644441,-0.0003671156008026033,-0.0007168167357383126,-0.00105224033064788
2024-12-04,0.02881567529768403,0.035989701017668185,0.0358680060006229,0.036076439805933
2024-12-05,-0.022020788503929523,-0.0003544247379542176,-0.000346246300879538,0.0
2024-12-06,0.03444474217316973,0.02482265378200843,0.026671256694549283,0.025543200463522764
2024-12-09,-0.024899664585615544,-0.05311418227244158,-0.055105731295327365,-0.054151118741556425
2024-12-10,-0.007772430783165474,0.0031061937705916254,0.0030945268581121788,0.003013175973035187
2024-12-11,0.04652269534294651,0.051366113232163,0.051495064429821324,0.05159358285785798
2024-12-12,-0.011169293200355757,-0.013860066438648455,-0.013315281749089025,-0.013662879703565167
2024-12-13,0.014156490833941326,0.01739286209265778,0.01715461983209754,0.017126217330801552
2024-12-16,0.045047253804540555,0.03988950750090958,0.039577204255029974,0.040237713694135646
2024-12-17,0.001045771070669721,0.008468919149703824,0.009409504166089988,0.008212359783082546
2024-12-18,-0.057462106019896764,-0.05845544646499801,-0.058609247973710366,-0.05784442897930664
2024-12-19,-0.025495268879325628,-0.0430220194358758,-0.04245394185091922,-0.04372883060430233
2024-12-20,0.002717960528709318,0.001644739593935629,0.0008320420433791664,0.0019654288060626524
2024-12-23,-0.031401547812117236,-0.03539504456848297,-0.036104434635567784,-0.03609261268696351
2024-12-24,0.04213760595334648,0.06355212177477876,0.06481018074783096,0.06430603612323238
2024-12-26,-0.029192259396668696,-0.03432332066312915,-0.03436705951898966,-0.0342892914806161
2024-12-27,-0.017022260795415023,-0.011418028371934286,-0.011144401907558943,-0.011615692423425306
2024-12-30,-0.01615940859041931,-0.002421778453356338,-0.002423617988101201,-0.0030715242518063457
2024-12-31,0.008484077565384274,-0.009337068293625017,-0.008989284092721594,-0.008439449027929258
2025-01-02,0.03700847015010855,0.043732322868790474,0.04290267126063818,0.04309649535366544
2025-01-03,0.012597729955682757,0.010655592630834265,0.01093089192713581,0.010490837562471267
2025-01-06,0.040472533656703336,0.03949247892475172,0.038600158264915585,0.038708080010271706
2025-01-07,-0.05050430525956884,-0.05810550730294539,-0.057539452415656056,-0.05663874525457602
2025-01-08,-0.019388436629511285,-0.026464696818950584,-0.025775100788838934,-0.025768393328286288
2025-01-10,-0.0035990912387096063,0.009373828244650717,0.008168810360424272,0.008055833070330198
2025-01-13,-0.0019527650463389001,-0.01151558191173152,-0.01088404280211075,-0.012253571477202407
2025-01-14,0.021345722040169157,0.030251795817795912,0.029587946470922333,0.031148832854952957
2025-01-15,0.041129999632577796,0.03301107966712857,0.03325024441514457,0.032692558651655546
2025-01-16,-0.0074383335632930425,0.00794492880982789,0.008045017021677703,0.007471145102831089
2025-01-17,0.04716598568833419,0.04431597079234173,0.045034826346680434,0.043866334844891997
2025-01-21,0.01612285742854702,0.013418303445032587,0.012437261009184297,0.012883800788753508
2025-01-22,-0.023488299826845638,-0.01721279596735603,-0.017564707211306763,-0.01688071507341382
2025-01-23,0.002962783076025932,-0.00993600777997794,-0.009761976609884315,-0.009673463747090105
2025-01-24,0.008265785680243276,0.015478820092546863,0.015396537532599064,0.015506674229610384
2025-01-27,-0.026061918652707572,-0.034003393099691914,-0.03479867869237485,-0.03510879203115824
2025-01-28,-0.007397669160641884,-0.0015605399817593124,-0.0010172238231284103,-0.0009969075520833703
2025-01-29,0.023395602825692086,0.030566138686435096,0.030546407590069435,0.03006116648563073
2025-01-30,0.009952379879751394,0.0064037928402105315,0.006806485580284516,0.007265663124452315
2025-01-31,-0.022249243050878498,-0.03365710139224953,-0.03347508151206602,-0.033301233865156044
2025-02-03,-0.009761255150828374,-0.002252594965868715,-0.0019178493921014894,-0.002984771573604106
2025-02-04,-0.034846278405663456,-0.025182367433642994,-0.024980208590247965,-0.024697465046294997
2025-02-05,-0.012836943218062724,-0.014252613964673255,-0.014375208236208081,-0.014196196133685612
2025-02-06,-0.00022924323774897726,-0.00379546163419886,-0.003881371614792517,-0.003892099696823581
2025-02-07,-0.0006647556256734743,-0.011792411534421121,-0.01239819366499928,-0.012112533471758113
2025-02-10,0.009411347276075954,0.016706440738360584,0.01709708650897923,0.016348027537437693
2025-02-11,-0.017345724709743937,-0.0229324744180055,-0.022569627081615362,-0.021922362074118684
2025-02-12,0.02233406885677658,0.01940490159336039,0.01888153536997339,0.018567659118659208
2025-02-13,-0.012892487184132717,-0.007614180023697292,-0.0075542891929519795,-0.007552106875097442
2025-02-14,0.009160278803397981,0.01077822679022633,0.011179766788070422,0.010364745511349582
2025-02-18,-0.02019734082153335,-0.03289361014443315,-0.033286218694422276,-0.032852859487282116
2025-02-19,0.011472343504350446,0.021304489630061374,0.021778815699676546,0.021482255666039007
2025-02-20,0.017574558032842136,0.025434571836017605,0.024648721267922058,0.025368037049494196
2025-02-21,-0.02245807176184722,-0.03783016973496567,-0.03765259010177191,-0.03781572230295627
2025-02-24,-0.04897111281063904,-0.009458426165654621,-0.009056877455760337,-0.009592342714121127
2025-02-25,-0.029337712021491935,-0.06328404938722365,-0.06324634372924365,-0.06349198041193393
2025-02-26,-0.04946290046952739,-0.041375169804737544,-0.042279171118470016,-0.04179838476453146
2025-02-27,0.004234922709094535,-0.012718945412762861,-0.011817477779466956,-0.011392626992365873
2025-02-28,-0.003910297790814532,0.011615693125278881,0.010309278350515427,0.010007637492801535
2025-03-03,0.02006167738219755,0.02087682605729624,0.022176833379836225,0.021318092717816928
2025-03-04,0.013437685575495406,0.01002040589937847,0.010382090206397798,0.010436558830113185
2025-03-05,0.03899657851208138,0.041506362874954794,0.04110123786945419,0.04102414580246205
2025-03-06,-0.007303133084179958,-0.015552085116992354,-0.015943339942965373,-0.015651134088852436
2025-03-07,-0.0357824911826653,-0.023894137027181683,-0.023402337320101774,-0.023424211650921234
2025-03-10,-0.09465551034480402,-0.0914424525562948,-0.09177082121620694,-0.09245530637747057
2025-03-11,0.05513944554449135,0.051881581807418975,0.05131912313508158,0.05237861007659328
2025-03-12,0.010380466895202334,-0.0019051682766750844,-0.001516726227917542,-0.0019786493067933675
2025-03-13,-0.0317197970748182,-0.0345705411530175,-0.03355890322164623,-0.03339939967823202
2025-03-14,0.03580259620308812,0.057557093706881,0.056444652168637255,0.05632685105653801
2025-03-17,0.001269347123127984,-0.0016617785079288128,-0.001352610221943884,-0.002091103749514267
2025-03-18,-0.016142449028442418,-0.026009154479439522,-0.026276613751758493,-0.025894264193346506
2025-03-19,0.049997601050550955,0.03845330451298801,0.03853114892166487,0.03856783091911686
2025-03-20,-0.030937253791171848,-0.015634686827562527,-0.01567111895192197,-0.016126592646071525
2025-03-21,-0.0014727011460912154,-0.003134748505013274,-0.0028575192621713708,-0.0027067715064027498
2025-03-24,0.04111778395329413,0.05199160382746082,0.05199232562856082,0.052020460858226425
2025-03-25,-0.0003109860024155253,-0.000797148570826467,-0.0011674191486035213,-0.0007165748139426054
2025-03-26,-0.00652577110204744,-0.01914637208134573,-0.018701330407873362,-0.018789408141960173
2025-03-27,0.003178549412391707,0.005286667749488494,0.005293826612007502,0.005700911690850408
2025-03-28,-0.032393289916566204,-0.038025835470034575,-0.037388051239078623,-0.03808143358091165
2025-03-31,-0.02138905788841794,-0.01576955379192202,-0.01572759139335045,-0.015261440489166667
2025-04-01,0.0317418810684309,0.03183075881342945,0.030985072804161184,0.030535607627381056
2025-04-02,-0.031507420800550134,0.02298137945931611,0.022641514478062064,0.02293021444550125
2025-04-03,0.007481504135517403,-0.05747824653629574,-0.05706371057446391,-0.05735072761327875
2025-04-04,0.008916382019940938,0.024479265559779195,0.025716230040683685,0.02408890529855312
2025-04-07,-0.05496492874072856,-0.07210225723581165,-0.07153563215236247,-0.07132086194212495
2025-04-08,-0.03739976334343409,-0.0153602958695368,-0.01673025241942727,-0.0159116665011918
2025-04-09,0.0826253916648998,0.07432901278102988,0.0729850655171409,0.07309025343284992
2025-04-10,-0.0356990599146636,-0.03544743961569874,-0.03519263876445622,-0.03413285961644463
2025-04-11,0.04745546227457886,0.055346471138862485,0.05593998297685854,0.05491876735119483
2025-04-14,0.013638953601592618,0.012796321245695852,0.01324414594477985,0.012826409334133482
2025-04-15,-0.01033089354397465,-0.011184695826082725,-0.011184501297593408,-0.011025111187167647
2025-04-16,0.004360934564412222,0.004608240432992794,0.0038158410898327944,0.003615629754364136
2025-04-17,0.01025637449930672,0.006255196888810488,0.006787944272899971,0.007054841968356262
2025-04-21,0.030898557937234727,0.03025285847385706,0.029935187185580636,0.02936356130922202
2025-04-22,0.06767662701452015,0.047465819638171425,0.04595446795559299,0.04677097409673525
2025-04-23,0.0027527134594511615,0.021505355078864863,0.022155517411235337,0.021441352922024315
2025-04-24,0.0026114175645013393,0.0011277736416039907,0.0012245710217557715,0.0010834484699673297
2025-04-25,0.008267742531563593,0.018963615622611174,0.018835627143959144,0.019209932415039876
2025-04-28,0.002726442533559359,-0.007186279461190659,-0.0063626217199787005,-0.007034759822921899
2025-04-29,-0.007306486319308303,0.00631032193481329,0.005678400867042965,0.0058815994621792544
2025-04-30,-0.0008217291810309613,-0.013094852142843894,-0.012734233370939485,-0.013023300424366724
2025-05-01,0.02425526614507767,0.026910904252949175,0.02628371896682502,0.026255616881312616
2025-05-02,0.0043291974532626565,0.0043675679788415245,0.004268444699823126,0.004329596244680323
2025-05-05,-0.022309504244793943,-0.02826594668257154,-0.027508787315352,-0.027825013689056766
2025-05-06,0.02168299794413664,0.006339737941754908,0.006677132499987692,0.006853025379988331
2025-05-07,0.0023743581586117557,0.013155439474036967,0.012542220676469373,0.01294543195986253
2025-05-08,0.06399043746457878,0.05376734839613184,0.05383521107370837,0.053754963755350715
2025-05-09,-0.002621130818400763,0.01804930466515242,0.018535254604733487,0.01862962992286943
2025-05-12,-0.0015334284907234652,-0.013296944789052634,-0.013426531819746845,-0.01399287311362829
2025-05-13,0.013197358248725033,0.030062160187624087,0.029917848646411116,0.029876776685832107
2025-05-14,-0.006051642240404331,-0.01476010179777687,-0.014742803086384648,-0.014625972014611022
2025-05-15,0.00198211052629782,-0.0011917519155799638,-0.0012192486018978155,-0.0017173625541402338
2025-05-16,-0.0024613470244020386,0.009033622132865071,0.008545074218742732,0.009216023904061954
2025-05-19,0.020455166367232103,0.013344609887604886,0.014084577986089863,0.013515166777938292
2025-05-20,0.011220046530480143,0.01533585836313689,0.014648420361078385,0.01501681922248177
2025-05-21,0.027034018449719976,0.014447563131173125,0.014971676760731079,0.014676358439059678
2025-05-22,0.018191448638679386,0.02330471929718203,0.02265297453931825,0.023212385230923838
2025-05-23,-0.03927066820202352,-0.022141352543367798,-0.021429984071496544,-0.022343810501567418
2025-05-27,0.01590902040787201,0.010836133739345888,0.010528531950478204,0.010610960938052472
2025-05-28,-0.010939184653144474,-0.027359985351562477,-0.02698482888829834,-0.027229729551294435
2025-05-29,-0.020041963379443528,-0.013160046471659248,-0.012635189130396074,-0.012453984732161305
2025-05-30,-0.015554336978341854,-0.008834848794218031,-0.009001212875995535,-0.009488360500336523
2025-06-02,0.018105642527988408,-0.0016817772563203492,-0.0019697998532063332,-0.0014551078550476548
2025-06-03,-0.004241178746647534,0.017520230876580944,0.017105320616113806,0.017607827619965155
2025-06-04,-0.0066439151364365845,-0.012582816507129335,-0.01196637111673815,-0.012887849543246954
2025-06-05,-0.030134359325224014,-0.02967807638963338,-0.02935081720262367,-0.029859782208089936
2025-06-06,0.027707252931573167,0.024019343620250044,0.02349374987403685,0.024672939027209795
2025-06-09,0.05655463523176674,0.0423557578016065,0.04184511181650308,0.04183381577986589
2025-06-10,-0.0003342625487465778,0.00841833339663367,0.008538873638857636,0.007937438072950442
2025-06-11,-0.014244955298426398,-0.007224285701162625,-0.007107769605837699,-0.006716871352678844
2025-06-12,-0.025371753999169577,-0.01843466020109208,-0.018528208721091288,-0.018421292567322056
2025-06-13,0.0015285141831733462,-0.01581547071509737,-0.015445697624756671,-0.016153944303518464
2025-06-16,0.006652678081987995,0.03448271678466108,0.03420851245592771,0.034045631202279436
2025-06-17,-0.020559056941174436,-0.037216816593118485,-0.036974635256996846,-0.03677760034746924
2025-06-18,0.0026979724986506692,-0.008907542509191124,-0.008641445322142838,-0.008969671075994334
2025-06-20,-0.015004544484176097,-0.005087384187682287,-0.006068580371081711,-0.0052592990941867646
2025-06-23,0.021955092660267406,0.0,0.00033302374208576957,-0.00036885255897556313
2025-06-24,0.004431419225533917,0.02369189104698921,0.023526830898040085,0.023862173913777873
2025-06-25,0.012406215749838134,0.020229772307800875,0.020600605305535202,0.019822219704754174
2025-06-26,-0.003737454466123835,-0.002203217182678463,-0.0019122523151804405,-0.0016491858953353589
2025-06-27,0.0012007263229245613,-0.006869450002258581,-0.007131433642455831,-0.006961608706674061
2025-06-30,0.00043801417330402437,0.008069793378107759,0.007611482566080907,0.007961004512728742
2025-07-01,-0.013413452013053329,-0.022381946616174653,-0.021704446876189443,-0.022044120078015372
2025-07-02,0.02990624847553991,0.04311494000298466,0.04208812262125927,0.04182740186833711
2025-07-03,0.007244728772290987,-0.003684709211522419,-0.003861435480697617,-0.004165227456675136
2025-07-07,-0.01229502852915454,-0.012702960576860267,-0.011733841309547799,-0.011966989461472233
2025-07-08,0.006005750382996888,0.006840360887748309,0.0068907188939004715,0.007055485273537165
2025-07-09,0.021810695604753683,0.02846978558587443,0.028111161029458875,0.028491387888790465
2025-07-10,0.041864660687494615,0.01446992989069007,0.014234504535876269,0.013851058076079559
2025-07-11,0.013189291760499877,0.04201548968174662,0.041599381143948566,0.04188127363894778
2025-07-14,0.019849988449143874,0.014432394493622658,0.01512211616144743,0.01440236806432571
2025-07-15,-0.01729262210051885,-0.02962740736322733,-0.02941178184827764,-0.02913752998546959
2025-07-16,0.00816219450392297,0.025241808895209328,0.02459661565340987,0.02477359315184602
2025-07-17,0.004643278306736054,-0.002653697483660844,-0.002496659667316159,-0.0025558877515394762
2025-07-18,-0.01078563897020779,-0.014338524742413483,-0.01357331603768841,-0.013880023499120764
2025-07-21,-0.004776882093994628,-0.005248927302328288,-0.005757821413648556,-0.005630189140586217
2025-07-22,0.02176332622218302,0.022463407547682834,0.02237933323673036,0.022430370972678082
2025-07-23,-0.010337504434577038,-0.007814785928660584,-0.007488540526762177,-0.007880701296533954
2025-07-24,-0.0032584822936673197,0.0054986289426048884,0.00503002791909779,0.0055817585082158505
2025-07-25,-0.006185093838706357,-0.0192137597013734,-0.018575556081152356,-0.01932106695876845
2025-07-28,0.0024532799270098327,0.011151263667319666,0.01068938241484818,0.01099373545924398
2025-07-29,-1.9742508661990676e-05,-0.005812211602342354,-0.005433704365026437,-0.005383290426202114
2025-07-30,-0.0007713643170961237,-0.005096632327338146,-0.005170719798018308,-0.005412427093155148
2025-07-31,-0.017592832754910526,-0.0007533983680659828,-0.001274932639562465,-0.0010883595680274416
2025-08-01,-0.021062154747402473,-0.031664633350186544,-0.031225380892890953,-0.031488335455288174
2025-08-04,0.015458838214843729,0.015259976781550222,0.014798287353331663,0.015074856299765127
2025-08-05,-0.008085706753543476,-0.009969232007792317,-0.009688385877878347,-0.009420437458626196
2025-08-06,0.007767158415357134,0.014872177212801985,0.014826033263544147,0.014544675449831734
2025-08-07,0.021463456180234486,0.0201495901660822,0.0201749028412328,0.019408933946927
2025-08-08,-0.0068782400705657,-0.010474406081961818,-0.010228962846075551,-0.009303338247926618
2025-08-11,0.017505707793510794,0.022833845439974354,0.022440933204124214,0.021947963164970608
2025-08-12,0.012140515376580119,0.00458305087804578,0.0051983146881491304,0.005021917289175448
2025-08-13,0.026388279596092357,0.02781456180326325,0.027293607777218787,0.02700405040883691
2025-08-14,-0.040411222672351976,-0.04023478960392257,-0.040085723472810586,-0.039855057297464636
2025-08-15,-0.008121240187970669,-0.008801974468674034,-0.009128896088788752,-0.009164404033650597
2025-08-18,-0.009761968948004185,-0.005869948454507945,-0.005488557927018078,-0.005549533490343372
2025-08-19,-0.029428514056440758,-0.028160492421083427,-0.028087103969991922,-0.02801179095842865
2025-08-20,0.012794003430595335,0.01106089823132117,0.010748301856344122,0.010807149214051348
2025-08-21,-0.01623902974513114,-0.018644112029603477,-0.018960667976144707,-0.018821722064533364
2025-08-22,0.03962900798880531,0.0401947154732305,0.040903977528901736,0.041203234343741624
2025-08-25,-0.05775218963945106,-0.050867908405807793,-0.05069263793790035,-0.05134641383953653
2025-08-26,0.015240086898922645,0.003498686422850783,0.0032081672027297614,0.0033325778753687807
2025-08-27,-0.005193022862549412,0.008716371870965745,0.008871472959487203,0.008704640447623868
2025-08-28,0.01189280397942638,-0.0010997595152572037,-0.0013292932388120349,-0.0013625837061185253
2025-08-29,-0.036731759955323295,-0.03365843256865797,-0.033582459719342594,-0.0336554768298013
2025-09-02,0.025733128758534063,0.02490238652656851,0.02415508839961822,0.023885149197800493
2025-09-03,0.004699840343410866,0.012704450080231577,0.013034055654251864,0.01310051784670807
2025-09-04,-0.008947195185422974,-0.022267554860424976,-0.021852337210044204,-0.02189201707128885
2025-09-05,-0.0006558419928113235,0.017161182373858885,0.016390016492522363,0.016583558500590012
2025-09-08,0.012837168331788718,0.004415052066829794,0.004621989989946007,0.004334898899647444
2025-09-09,-0.004826232823193166,-0.00753531454454226,-0.006849996786309598,-0.007042284644873109
2025-09-10,0.02174124101370767,0.020721251713053723,0.020280020929391185,0.020590289286888108
2025-09-11,0.013620945043858246,0.007748334254740641,0.008071870112310808,0.007845740177817362
2025-09-12,0.005142859655061782,0.02075962631804451,0.020818678064456808,0.020351444265116703
2025-09-15,-0.005656280781067169,-0.01325696429390344,-0.013628781437029613,-0.013732993310413777
2025-09-16,0.012112382641498831,0.013282484680641637,0.013220694346201434,0.013703232649324049
2025-09-17,-0.0032066883445814875,-0.010547002390666083,-0.010203089496846895,-0.010247491627669247
2025-09-18,0.005741425944741474,0.01644589403331831,0.015660638721510356,0.01597088813327896
2025-09-19,-0.012364506846338497,-0.020674116156074396,-0.019908274531328707,-0.020598455874695998
2025-09-22,-0.025416030362690245,-0.026311781374264376,-0.026087849632785542,-0.02612345668169125
2025-09-23,-0.00651013327573835,-0.00377064686116646,-0.004498464604787866,-0.004546505008144908
2025-09-24,0.011731809832655538,0.01592806062077967,0.016226703883045923,0.01632793189402193
2025-09-25,-0.03776048156409062,-0.03601365664028555,-0.03607882571933352,-0.03651275049994773
2025-09-26,0.0060847628462732395,-0.0025764871391870114,-0.0017823251608367618,-0.001282656338753685
2025-09-29,0.04272567545300432,0.04891835100376607,0.04831423714267502,0.04763574732479059
2025-09-30,-0.003009577997342028,0.00046173278025607445,0.0,0.0004457069501460076
2025-10-01,0.04026829179914837,0.02676919790414667,0.027051444180746342,0.02706918119689461
2025-10-02,0.017128920845327356,0.030416524487167917,0.029558079369368828,0.02960958185786189
2025-10-03,0.013136036748664148,0.015122887397031715,0.015444355119179853,0.01506373433665531
2025-10-06,0.020332628844412337,0.021200449916809916,0.021181340965243267,0.02148193941171317
2025-10-07,-0.026461574802715715,-0.030298830612567884,-0.030336253844673755,-0.031088058001690788
2025-10-08,0.01567280940669602,0.013452919747220182,0.014417628530886573,0.014784481410381245
2025-10-09,-0.013370216251727518,-0.01884098973483772,-0.01941480666660944,-0.019425473001970506
2025-10-10,-0.06976852117831744,-0.03695084367854029,-0.03628262874422883,-0.03667021391969749
2025-10-13,0.018166518866759906,-0.005891229722462921,-0.006684363341559196,-0.006125547689892374
2025-10-14,-0.01867262888064536,-0.028870958542278946,-0.02810493697689953,-0.028285270499232462
2025-10-15,-0.02064646024028005,-0.011578808953740971,-0.012015072967884177,-0.012005861905108772
2025-10-16,-0.023443318504017374,-0.027544687576465998,-0.02741416125094709,-0.027857390939589277
2025-10-17,-0.01588236351834038,-0.015627528564276627,-0.01600086989809013,-0.015801933007800528
2025-10-20,0.03870786330108489,0.040681313623496695,0.041244904220124834,0.041097535859114576
2025-10-21,-0.019098105646452646,0.00889879819760564,0.008894410886717274,0.008631603237061913
2025-10-22,-0.007267028792566799,-0.03591120702029249,-0.03680167970246384,-0.03582838214874884
2025-10-23,0.022111355667553845,0.022055257458104105,0.023201365755824543,0.022721871821838047
2025-10-24,0.008759859251149305,0.004315863999947878,0.0035365505454929558,0.0031243262923137394
2025-10-27,0.02778796063308908,0.038994061385356105,0.03928268194717521,0.039220138432715324
2025-10-28,-0.01019252462848308,-0.012101729937193051,-0.011768229227894111,-0.011877008972351222
2025-10-29,-0.025681284408657135,-0.026980895044300568,-0.02704604677391087,-0.026510818579556172
2025-10-30,-0.015898895718551742,-0.03745017488639191,-0.03806664929919734,-0.03831072217771403
2025-10-31,0.011547120379193476,0.03145691495334768,0.03180940959228962,0.03215743248067926
2025-11-03,-0.027462084408902965,-0.028410922623426704,-0.029261186961222374,-0.029295474789692744
2025-11-04,-0.046523840630681046,-0.05534443320139126,-0.05468836111996789,-0.05544906890320922
2025-11-05,0.02265282648549194,0.03043018283460963,0.030862079032223377,0.03144409333302001
2025-11-06,-0.02493503798083263,-0.02817379326204794,-0.028391513368677068,-0.02913331483271553
2025-11-07,0.020445121741957006,0.028292050193316376,0.02831160408828004,0.029374520083766953
2025-11-10,0.025385763911246917,0.022248599436645478,0.02200351404301215,0.021525214444160667
2025-11-11,-0.028294541304540788,-0.030569865335923097,-0.030725997597190635,-0.03106564402468226
2025-11-12,-0.012954505253314763,-0.013024821617952043,-0.012166496064802579,-0.012178493128709666
2025-11-13,-0.01933536967351135,-0.03472825134052593,-0.03468926208840928,-0.03535032877230093
2025-11-14,-0.053157837862490065,-0.0380464413142898,-0.03839399236310381,-0.03781952939928668
2025-11-17,-0.024406440928130158,-0.025712950710329086,-0.025928239114414442,-0.02629442224863021
2025-11-18,0.009284005043766586,0.010748587134204568,0.010997312168579798,0.01113590050861224
2025-11-19,-0.015953746750565823,-0.03665021478860919,-0.03671200450784984,-0.03648129884561291
2025-11-20,-0.05285126891851111,-0.03489060661808252,-0.034774786011295133,-0.03471925102649098
2025-11-21,-0.017790340109098413,-0.02022054498124981,-0.019941504595285098,-0.020722231306627537
2025-11-24,0.03737042317351125,0.054200508817143334,0.05385243020842778,0.05396008913567818
2025-11-25,-0.010520742688141405,-0.0199722825317038,-0.02072339502841214,-0.019647249112684895
2025-11-26,0.03636830551491177,0.029660963786778183,0.030362743204493947,0.029549394748842772
2025-11-28,0.004428918129616433,0.010190093478400053,0.008802174343394142,0.008951476376789724
2025-12-01,-0.05056898866147219,-0.059165844465577155,-0.05766319021754962,-0.057597575612497676
2025-12-02,0.05825464938016567,0.06536078698856307,0.06481484230587498,0.06470415345982561
2025-12-03,0.023837949867722363,0.020708410053023263,0.021424128674572662,0.02077197693941879
2025-12-04,-0.014821043775501641,-0.0043610798182340815,-0.004811836828672145,-0.004812403236088336
2025-12-05,-0.029887330373216225,-0.03466006004570521,-0.03458964528708508,-0.034263551003684944
2025-12-08,0.01401137407571107,0.016374074838056085,0.016309189652907063,0.015593652562183147
2025-12-09,0.022633530616329445,0.025815178659553073,0.025777115633819125,0.025778305199649187
2025-12-10,-0.007236522211271801,-0.0068116708807584025,-0.0064054772248288705,-0.006454287595067498
2025-12-11,0.005329119618741718,-0.007430047473320878,-0.008430452198147087,-0.007740118457556733
2025-12-12,-0.024223213861206738,-0.01727442874357632,-0.016379158952294692,-0.016854702173585645
2025-12-15,-0.042656642849050797,-0.04960939214215587,-0.04995551540164056,-0.05001414972680973
2025-12-16,0.01648005936140917,0.021578282785719827,0.02154135210555075,0.021476431714703148
2025-12-17,-0.01935507109105894,-0.020116677095501245,-0.01964636581503565,-0.02029492528840815
2025-12-18,-0.007908292107279613,-0.01539724931423947,-0.01469603869800229,-0.014754066859649084
2025-12-19,0.03090097713717843,0.04065889908598397,0.039864439883474656,0.041294746669713334
2025-12-22,0.004388399175577984,0.0036064978105807555,0.003520623738050954,0.0027600588540657167
2025-12-23,-0.01215974047919599,-0.008784161017540981,-0.008056168840406386,-0.007677803689253859
2025-12-24,0.0022646365284737513,-0.003826836567310421,-0.004191769847719962,-0.0043796065950045815
2025-12-26,-0.0035443933302842234,0.0030327846473008346,0.00342018084335427,0.002932618571647616
2025-12-29,-0.0018704053654620134,-0.004636152779815439,-0.005243858577347993,-0.005116936642006853
2025-12-30,0.014826942349620564,0.0091130164683213,0.0088298078886615,0.008229206957828028
2025-12-31,-0.01041844740246467,-0.0036122877495782246,-0.004180270177231216,-0.003643783672584333
2026-01-02,0.027835673722204746,0.025981813921147623,0.025711648932970732,0.026038600986017846
2026-01-05,0.043780896264292934,0.049469974984301945,0.050006342379192326,0.049472501438533545
2026-01-06,-0.0016352711961346023,-0.018892598930600357,-0.018879359941180285,-0.019155055704633273
2026-01-07,-0.025829527204251357,-0.017349853845094798,-0.01638733264821912,-0.016620457049360104
2026-01-08,-0.003076724046541912,-0.00038805699278998684,-0.0013883706385320327,-0.0005633931764414957
2026-01-09,-0.005646925984974294,-0.006987589424551577,-0.0066987663080472215,-0.006764314173223984
2026-01-12,0.00751151615913348,0.013878011856729433,0.01399677000602284,0.013195236391603915
2026-01-13,0.04527528885126264,0.03277425868413597,0.03312836376921369,0.03318855896439388
2026-01-14,0.016864423365986925,0.034907577796111866,0.033888022026922426,0.03429111983133848
2026-01-15,-0.01421799419905967,-0.025974001846660322,-0.025023552797030724,-0.025946740805734447
2026-01-16,-0.00027284132392391136,0.004444475527162872,0.0028919809536329666,0.0033633794408916007
2026-01-20,-0.07552161305742966,-0.06415935194034383,-0.06307821444491912,-0.06288552328049635
2026-01-21,0.012071608510981546,0.006895238384392988,0.0065400677722669,0.006438645760080464
2026-01-22,0.000956534957143873,-0.008608930466675324,-0.008408664169673674,-0.008387778911111532
2026-01-23,0.00046300848627667257,0.0005921175267089573,0.0011563193598014276,0.0010035798541105923
2026-01-26,-0.013817662922415375,-0.020710043811835055,-0.021303851023143694,-0.021627071653258723
2026-01-27,0.009464787027023913,0.019738157343772267,0.020587459360669635,0.020202092404245642
2026-01-28,0.0009202877056453396,-0.002370190480947998,-0.0035975687101313936,-0.003300378086899536
2026-01-29,-0.05183614563372574,-0.05761235288284561,-0.05673760609580236,-0.056579331370223196
2026-01-30,-0.005119696877728619,-0.002310857125638388,-0.001777236911833957,-0.002441569291855239
2026-02-02,-0.06466156560060354,-0.0688566085952862,-0.07025469034864829,-0.0696038375491076
2026-02-03,-0.03882661934945053,-0.02080510986534856,-0.019295884082648707,-0.019894756503519462
2026-02-04,-0.03455931736640505,-0.03995380075562727,-0.04025233150302732,-0.0400939333195276
2026-02-05,-0.14129892381358544,-0.131585308175602,-0.1322378804563452,-0.13212165697325584
2026-02-06,0.1252476912623226,0.0991690299826764,0.09936876908423531,0.10008057261325431
2026-02-09,-0.006159832312600089,0.01083670115596469,0.010580716329570361,0.01025073307056168
2026-02-10,-0.018921927121284043,-0.028421824290728814,-0.027676292979898154,-0.02826594668257154
2026-02-11,-0.02619404614799148,-0.017449327274193793,-0.018030080192704023,-0.0179004825666631
2026-02-12,-0.011495780977477277,-0.032384477639538334,-0.032471945891223375,-0.03265611288781067
2026-02-13,0.039805596623848194,0.051821916954913894,0.0523633728734203,0.052600594014616586
2026-02-17,-0.019803480994131428,-0.014883290040713648,-0.014526614472384458,-0.015289943660130478
2026-02-18,-0.015836888807606253,-0.022141143204870373,-0.02253476483800565,-0.022154931892016783
2026-02-19,0.008012052068341324,0.014118240979521524,0.013347208807302335,0.013168092819770383
2026-02-20,0.015650197075734784,0.0091935507466967,0.009408129416249578,0.009365475560491499
2026-02-23,-0.049829609174084744,-0.04867254089033968,-0.048805242083307054,-0.04885441704153293
2026-02-24,-0.008305824880296298,-0.0005472081581712196,0.0,0.0007963550844491962
2026-02-25,0.060550552894326426,0.0739118766264415,0.07429178851938567,0.07300573175902003
2026-02-26,-0.007450715585058165,-0.024726006424210856,-0.025870606605828517,-0.02521314108786199
2026-02-27,-0.023304501473983996,-0.02796653794472359,-0.027068439005012213,-0.027577039034697326
2026-03-02,0.043927986557364296,0.053912372738709635,0.05441814020330371,0.0539800168956841
2026-03-03,-0.007011227255569463,-0.012629134729911229,-0.01344171226610058,-0.013174969243162304
2026-03-04,0.06467555605177866,0.07080097699619303,0.07115222015057188,0.07164350040291745
2026-03-05,-0.025710882421896564,-0.025337820266813416,-0.0255967503188399,-0.025618579683628462
2026-03-06,-0.03817885179689062,-0.044317923807300263,-0.04415790326284186,-0.0444804152764855
2026-03-09,0.0039023233580666172,0.013730637692886738,0.0138256563115422,0.01375800081685985
2026-03-10,0.022287806357257578,0.014822335817159749,0.014967531934052758,0.015058515426794372
2026-03-11,0.003975020350486469,0.009065742096487028,0.008848122666365255,0.00824177244533697
2026-03-12,0.004110513591636167,-0.002994732538025624,-0.0032483476357116903,-0.0029064459514904772
2026-03-13,0.006735442992662266,0.01051309539235179,0.009939720074439107,0.010566621197013015
2026-03-16,0.0548529723562623,0.038890258517797704,0.0396902697215018,0.03912021130685317
2026-03-17,-0.01253801442025071,0.007868427321419347,0.007759155509881266,0.0076336302232034026
2026-03-18,-0.0362122396594321,-0.0475515049553612,-0.04696647577908164,-0.047176335951865433
2026-03-19,-0.01870697238447039,-0.010928928093711598,-0.011310401839437323,-0.011384189851430193
2026-03-20,0.008722250723753211,-0.001255631276839142,-0.0011439728124730264,-0.001096647040719434
2026-03-23,0.005562380225927255,0.007040452000855124,0.0070353454301430585,0.006770337082416367
2026-03-24,-0.005598262529164066,-0.019225979336627508,-0.018683959795879335,-0.019083955440287292
2026-03-25,0.011231529778693128,0.022657826306184292,0.02135756735498373,0.02241984541605846
2026-03-26,-0.03531428903229905,-0.03360713307586738,-0.032906448767823115,-0.0333454175862935
2026-03-27,-0.035662044616623034,-0.036579036066675674,-0.036707989143650366,-0.03693290616924649
2026-03-30,0.005322263508866554,0.007486598071476891,0.0073081287632548175,0.007202701076023832
2026-03-31,0.02311941479563351,0.019639008964336124,0.019692509961440452,0.019713888866975227
2026-04-01,-0.002268068291422898,0.005726216324522193,0.00559040890867224,0.005496605852032044
2026-04-02,-0.017479577533077273,-0.017339497399806003,-0.016846361012766153,-0.016965084337888237
2026-04-06,0.029470772110846255,0.04082167993756647,0.04043866664958462,0.040460148301380894
2026-04-07,0.04474125312086663,-0.01062758043465728,-0.010375511453389552,-0.010320633540667035
2026-04-08,-0.011361353371537541,0.03375958430530068,0.03411548064328396,0.033891986386716644
2026-04-09,0.009061281070850802,0.012122753603766023,0.011103998200572729,0.010626803813460484
2026-04-10,0.016876904061948084,0.01588857316801051,0.016234229083887497,0.016574590893948526
2026-04-13,0.02063049346997925,0.0007218185347837025,0.0007831331707561784,0.0008765644505264181
2026-04-14,-0.004068372317531099,0.012983912323783597,0.012676017828664898,0.012611687139231664
2026-04-15,0.008404626904874313,0.010206510663993695,0.010044839052313792,0.009686862918022232
2026-04-16,0.004639453579876829,0.003994317750468879,0.0041309155530155905,0.004625671795518649
2026-04-17,0.02627659540184779,0.02831732032378409,0.028188422686842074,0.028137816218500422
2026-04-20,-0.016263482249216032,-0.015703200916569182,-0.015411986718884552,-0.015259611372897441
2026-04-21,0.0063296958930805225,-0.01710986539807624,-0.016857355590403023,-0.017180402157896624
2026-04-22,0.024233934691509473,0.05269352545074413,0.051592203954787585,0.051756650158321316
2026-04-23,0.0008420581944230676,-0.015642475149485024,-0.01484938471695385,-0.014502190078840571
2026-04-24,-0.010395445352393673,-0.0006810165679103086,-0.000886619775634645,-0.0018187931743409713
2026-04-27,-0.0011450150691729721,-0.010449774640825304,-0.0097619236230021,-0.009938686180830825
2026-04-28,-0.013131671764148978,-0.00665750473793969,-0.007020068898164977,-0.007194249655052998
2026-04-29,-0.007525003361340765,-0.01201757458429542,-0.011582494488256212,-0.011122343203824991
2026-04-30,0.00697036758667724,0.013333326194718609,0.012479070251851354,0.012269959389206386
2026-05-01,0.024568460603834108,0.026546665142666237,0.02660460401228404,0.02643097061437305
2026-05-04,0.021091421609383598,0.020912981327799507,0.02079060183744419,0.02066587331976888
2026-05-05,0.013768974900303155,0.01938319876302974,0.019506606232641888,0.019765379258945837
2026-05-06,0.006184292316489204,-0.0019446878773071719,-0.002251036268818285,-0.002521270874888182
2026-05-07,-0.017408596831308243,-0.017103206848187003,-0.015792373746534083,-0.016113751501698137
2026-05-08,0.0022093920105095144,0.0011013047440548984,0.0001431877707587237,0.0004817372283589805
2026-05-11,0.01922426023776902,0.02244225391950705,0.022059890694520856,0.02182630020350551
2026-05-12,-0.015304426194186482,-0.014417946331881759,-0.013875233145640653,-0.013821223162013285
2026-05-13,-0.014915661104390687,-0.014847168482604145,-0.015065343226244976,-0.015129809668541161
2026-05-14,0.022378876470797504,0.023271260237520686,0.022943669089063645,0.023124196339704195
2026-05-15,-0.024497713637975926,-0.02923973419234671,-0.028918085335139065,-0.028923689233672722
2026-05-18,-0.026705744146455768,-0.02878181446476702,-0.028616991518116586,-0.028971334946011562
2026-05-19,-0.002641385386229267,-0.0006891518524724249,-0.0007477650621207088,-0.0010057219819724628
2026-05-20,0.009209887179670861,0.011264406401535476,0.011224184427197637,0.011577222467645809
2026-05-21,0.0010508749979196708,0.00022728622759049522,-0.0001480262879332006,-0.00033173755946191985
2026-05-22,-0.02645023976792371,-0.023636384443803227,-0.02338653432143556,-0.02356067650335747
2026-05-26,0.004470791446722577,0.0006983844188437338,0.0012124006909701723,0.0015293144421655303
2026-05-27,-0.019532039646005694,-0.012561081517654893,-0.012715658022021126,-0.013403412270730608
2026-05-28,-0.010870289388891785,-0.02096582741231523,-0.02115916961493669,-0.02080830382491783
2026-05-29,-0.00223060831034394,0.0016843044396337437,0.000939871133264436,0.001405019897860793
2026-06-01,-0.02797709420132688,-0.027384082642303187,-0.026604080161891197,-0.027008083184216547
2026-06-02,-0.06472422674681189,-0.060261850833754904,-0.060128643610808385,-0.059841379275728745
2026-06-03,-0.04031696632071802,-0.027595249884731943,-0.026513842992382797,-0.02741565010274305
2026-06-04,-0.0033241439086123536,-0.02648647411449534,-0.028817420383862702,-0.027399948791467343
2026-06-05,-0.04512280904119048,-0.05219325497565408,-0.0508413488333217,-0.05147954818954581
2026-06-08,0.035584815098905764,0.05125952054148586,0.05165838985450488,0.050641003643606464
2026-06-09,-0.022932240724538477,-0.020897186201020657,-0.02102591781605423,-0.020947708311028546
2026-06-10,-0.0031550982687325035,-0.0017073864438206243,-0.0024069108953506113,-0.002492707382762638
2026-06-11,0.0343659895373587,0.02765100784992458,0.026169261682634115,0.027072037165096763
2026-06-12,-0.000280918383714468,-0.00027734595685990904,0.0010851430204426027,0.0004055242880662835
2026-06-15,0.04321942890844621,0.047169831291736575,0.04715448387179033,0.04681802525632661
2026-06-16,-0.010391681563445165,-0.015103430953123387,-0.014320186843822413,-0.014327234397002342
2026-06-17,-0.01802109402037566,-0.02179170294580446,-0.02170491257278928,-0.020821083804126173
2026-06-18,-0.0236263487711752,-0.020352081024336388,-0.020039344142347648,-0.021063174908734217
